Ans|Question|Answer|Answer|Answer|Answer|Correct
Ans|Question|Answer|Answer|Answer|Answer|Correct
Ans|Question|Answer|Answer|Answer|Answer|Correct
Ans|Question|Answer|Answer|Answer|Answer|Correct
Ans|Question|Answer|Answer|Answer|Answer|Correct
Ans|Question|Answer|Answer|Answer|Answer|Correct
Ans|Question|Answer|Answer|Answer|Answer|Correct
Ans|Question|Answer|Answer|Answer|Answer|Correct
Ans|Question|Answer|Answer|Answer|Answer|Correct
Ans|Question|Answer|Answer|Answer|Answer|Correct
Ans|Question|Answer|Answer|Answer|Answer|Correct
Ans|Question|Answer|Answer|Answer|Answer|Correct
Ans|Question|Answer|Answer|Answer|Answer|Correct
Ans|Question|Answer|Answer|Answer|Answer|Correct
Ans|Question|Answer|Answer|Answer|Answer|Correct
4|"""Test, with comma"""|Answer|Answer|Answer|Answer|Correct
